station_id,station_name,city,area,latitude,longitude,total_chargers,station_type
STN_0000,ChargeByEV Los Angeles Workplace 0,Los Angeles,Los Angeles Metro,34.1148,-118.0877,10,Workplace
STN_0001,ChargeByEV Los Angeles Highway 1,Los Angeles,Los Angeles Metro,33.8489,-118.2893,11,Highway
STN_0002,ChargeByEV San Diego Highway 2,San Diego,San Diego Metro,32.6519,-117.2125,8,Highway
STN_0003,ChargeByEV Los Angeles Retail 3,Los Angeles,Los Angeles Metro,33.8061,-118.1797,19,Retail
STN_0004,ChargeByEV San Francisco Urban 4,San Francisco,San Francisco Metro,37.9166,-122.4326,6,Urban
STN_0005,ChargeByEV Los Angeles Workplace 5,Los Angeles,Los Angeles Metro,34.1634,-118.2505,10,Workplace
STN_0006,ChargeByEV San Francisco Highway 6,San Francisco,San Francisco Metro,37.71,-122.3153,8,Highway
STN_0007,ChargeByEV San Francisco Urban 7,San Francisco,San Francisco Metro,37.8649,-122.2519,11,Urban
STN_0008,ChargeByEV San Francisco Workplace 8,San Francisco,San Francisco Metro,37.8523,-122.5321,5,Workplace
STN_0009,ChargeByEV Los Angeles Urban 9,Los Angeles,Los Angeles Metro,34.0039,-118.2333,5,Urban
STN_0010,ChargeByEV San Diego Workplace 10,San Diego,San Diego Metro,32.7319,-117.0718,19,Workplace
STN_0011,ChargeByEV Los Angeles Urban 11,Los Angeles,Los Angeles Metro,34.1064,-118.2374,8,Urban
STN_0012,ChargeByEV Los Angeles Urban 12,Los Angeles,Los Angeles Metro,34.0039,-118.1343,15,Urban
STN_0013,ChargeByEV Los Angeles Urban 13,Los Angeles,Los Angeles Metro,33.9657,-118.2913,12,Urban
STN_0014,ChargeByEV San Jose Retail 14,San Jose,San Jose Metro,37.3882,-121.7912,6,Retail
STN_0015,ChargeByEV San Diego Retail 15,San Diego,San Diego Metro,32.7312,-117.1003,15,Retail
STN_0016,ChargeByEV Sacramento Retail 16,Sacramento,Sacramento Metro,38.5321,-121.5086,10,Retail
STN_0017,ChargeByEV Los Angeles Retail 17,Los Angeles,Los Angeles Metro,33.8926,-118.1762,6,Retail
STN_0018,ChargeByEV Los Angeles Highway 18,Los Angeles,Los Angeles Metro,34.1473,-118.1604,13,Highway
STN_0019,ChargeByEV San Francisco Urban 19,San Francisco,San Francisco Metro,37.7549,-122.5066,6,Urban
STN_0020,ChargeByEV San Francisco Retail 20,San Francisco,San Francisco Metro,37.7792,-122.6088,17,Retail
STN_0021,ChargeByEV San Francisco Retail 21,San Francisco,San Francisco Metro,37.6281,-122.391,16,Retail
STN_0022,ChargeByEV San Francisco Urban 22,San Francisco,San Francisco Metro,37.8201,-122.2942,9,Urban
STN_0023,ChargeByEV Los Angeles Urban 23,Los Angeles,Los Angeles Metro,34.1463,-118.261,19,Urban
STN_0024,ChargeByEV San Diego Retail 24,San Diego,San Diego Metro,32.6398,-117.1928,12,Retail
STN_0025,ChargeByEV Los Angeles Highway 25,Los Angeles,Los Angeles Metro,33.9151,-118.3419,9,Highway
STN_0026,ChargeByEV Los Angeles Urban 26,Los Angeles,Los Angeles Metro,34.0104,-118.2689,15,Urban
STN_0027,ChargeByEV San Francisco Highway 27,San Francisco,San Francisco Metro,37.8001,-122.5559,7,Highway
STN_0028,ChargeByEV Los Angeles Workplace 28,Los Angeles,Los Angeles Metro,33.8581,-118.2427,4,Workplace
STN_0029,ChargeByEV San Jose Urban 29,San Jose,San Jose Metro,37.3236,-121.8455,10,Urban
STN_0030,ChargeByEV San Francisco Workplace 30,San Francisco,San Francisco Metro,37.7125,-122.4521,15,Workplace
STN_0031,ChargeByEV Los Angeles Urban 31,Los Angeles,Los Angeles Metro,33.9737,-118.2231,11,Urban
STN_0032,ChargeByEV San Francisco Retail 32,San Francisco,San Francisco Metro,37.9103,-122.5502,9,Retail
STN_0033,ChargeByEV Los Angeles Retail 33,Los Angeles,Los Angeles Metro,34.0057,-118.2022,14,Retail
STN_0034,ChargeByEV San Francisco Highway 34,San Francisco,San Francisco Metro,37.9407,-122.3226,6,Highway
STN_0035,ChargeByEV San Diego Retail 35,San Diego,San Diego Metro,32.638,-117.187,12,Retail
STN_0036,ChargeByEV Los Angeles Urban 36,Los Angeles,Los Angeles Metro,33.9717,-118.2722,10,Urban
STN_0037,ChargeByEV Los Angeles Retail 37,Los Angeles,Los Angeles Metro,33.9874,-118.2922,19,Retail
STN_0038,ChargeByEV Los Angeles Urban 38,Los Angeles,Los Angeles Metro,34.0176,-118.2606,15,Urban
STN_0039,ChargeByEV Los Angeles Retail 39,Los Angeles,Los Angeles Metro,33.9899,-118.3247,6,Retail
STN_0040,ChargeByEV San Diego Retail 40,San Diego,San Diego Metro,32.735,-117.1254,11,Retail
STN_0041,ChargeByEV Sacramento Workplace 41,Sacramento,Sacramento Metro,38.6453,-121.3797,17,Workplace
STN_0042,ChargeByEV San Francisco Highway 42,San Francisco,San Francisco Metro,37.7875,-122.5317,9,Highway
STN_0043,ChargeByEV Los Angeles Workplace 43,Los Angeles,Los Angeles Metro,33.917,-118.2425,11,Workplace
STN_0044,ChargeByEV Los Angeles Retail 44,Los Angeles,Los Angeles Metro,34.1322,-118.0503,15,Retail
STN_0045,ChargeByEV Los Angeles Retail 45,Los Angeles,Los Angeles Metro,34.104,-118.3898,9,Retail
STN_0046,ChargeByEV Los Angeles Retail 46,Los Angeles,Los Angeles Metro,34.1709,-118.1862,17,Retail
STN_0047,ChargeByEV Los Angeles Retail 47,Los Angeles,Los Angeles Metro,34.0127,-118.1896,19,Retail
STN_0048,ChargeByEV San Francisco Highway 48,San Francisco,San Francisco Metro,37.6629,-122.3618,15,Highway
STN_0049,ChargeByEV Los Angeles Urban 49,Los Angeles,Los Angeles Metro,34.0827,-118.1893,8,Urban
STN_0050,ChargeByEV San Jose Urban 50,San Jose,San Jose Metro,37.2848,-121.8023,8,Urban
STN_0051,ChargeByEV San Francisco Urban 51,San Francisco,San Francisco Metro,37.5382,-122.4368,13,Urban
STN_0052,ChargeByEV San Jose Retail 52,San Jose,San Jose Metro,37.2416,-121.8646,19,Retail
STN_0053,ChargeByEV Los Angeles Urban 53,Los Angeles,Los Angeles Metro,33.9645,-118.3427,13,Urban
STN_0054,ChargeByEV San Diego Retail 54,San Diego,San Diego Metro,32.6141,-117.0218,16,Retail
STN_0055,ChargeByEV San Francisco Urban 55,San Francisco,San Francisco Metro,37.8357,-122.5536,15,Urban
STN_0056,ChargeByEV Los Angeles Urban 56,Los Angeles,Los Angeles Metro,34.1071,-118.1264,19,Urban
STN_0057,ChargeByEV Los Angeles Highway 57,Los Angeles,Los Angeles Metro,33.8939,-118.04,18,Highway
STN_0058,ChargeByEV San Francisco Urban 58,San Francisco,San Francisco Metro,37.5912,-122.3743,13,Urban
STN_0059,ChargeByEV Sacramento Urban 59,Sacramento,Sacramento Metro,38.3808,-121.4474,11,Urban
STN_0060,ChargeByEV San Diego Urban 60,San Diego,San Diego Metro,32.637,-117.1384,16,Urban
STN_0061,ChargeByEV San Francisco Urban 61,San Francisco,San Francisco Metro,37.6934,-122.3678,19,Urban
STN_0062,ChargeByEV San Jose Urban 62,San Jose,San Jose Metro,37.4348,-121.9429,18,Urban
STN_0063,ChargeByEV Los Angeles Retail 63,Los Angeles,Los Angeles Metro,33.9767,-118.2978,17,Retail
STN_0064,ChargeByEV San Diego Retail 64,San Diego,San Diego Metro,32.59,-117.1935,4,Retail
STN_0065,ChargeByEV Los Angeles Urban 65,Los Angeles,Los Angeles Metro,34.0684,-118.1822,16,Urban
STN_0066,ChargeByEV San Diego Urban 66,San Diego,San Diego Metro,32.5773,-116.9756,15,Urban
STN_0067,ChargeByEV Los Angeles Highway 67,Los Angeles,Los Angeles Metro,34.0161,-118.3215,15,Highway
STN_0068,ChargeByEV San Francisco Highway 68,San Francisco,San Francisco Metro,37.8144,-122.3325,15,Highway
STN_0069,ChargeByEV San Francisco Retail 69,San Francisco,San Francisco Metro,37.7151,-122.3003,17,Retail
STN_0070,ChargeByEV Los Angeles Urban 70,Los Angeles,Los Angeles Metro,34.2043,-118.1077,5,Urban
STN_0071,ChargeByEV San Francisco Highway 71,San Francisco,San Francisco Metro,37.7702,-122.3344,11,Highway
STN_0072,ChargeByEV Los Angeles Highway 72,Los Angeles,Los Angeles Metro,34.0699,-118.3,4,Highway
STN_0073,ChargeByEV Sacramento Retail 73,Sacramento,Sacramento Metro,38.6408,-121.3867,6,Retail
STN_0074,ChargeByEV Los Angeles Urban 74,Los Angeles,Los Angeles Metro,34.1187,-118.2329,6,Urban
STN_0075,ChargeByEV San Diego Retail 75,San Diego,San Diego Metro,32.6431,-117.2468,15,Retail
STN_0076,ChargeByEV San Francisco Highway 76,San Francisco,San Francisco Metro,37.7981,-122.4723,4,Highway
STN_0077,ChargeByEV Los Angeles Urban 77,Los Angeles,Los Angeles Metro,33.9375,-118.1118,6,Urban
STN_0078,ChargeByEV San Francisco Highway 78,San Francisco,San Francisco Metro,37.8652,-122.2647,16,Highway
STN_0079,ChargeByEV San Francisco Urban 79,San Francisco,San Francisco Metro,37.7751,-122.3605,8,Urban
STN_0080,ChargeByEV San Diego Retail 80,San Diego,San Diego Metro,32.7079,-117.1483,5,Retail
STN_0081,ChargeByEV San Francisco Urban 81,San Francisco,San Francisco Metro,37.788,-122.3029,15,Urban
STN_0082,ChargeByEV Los Angeles Retail 82,Los Angeles,Los Angeles Metro,34.0092,-118.2138,4,Retail
STN_0083,ChargeByEV Los Angeles Urban 83,Los Angeles,Los Angeles Metro,33.8955,-118.3243,6,Urban
STN_0084,ChargeByEV Los Angeles Highway 84,Los Angeles,Los Angeles Metro,34.0824,-118.253,19,Highway
STN_0085,ChargeByEV Los Angeles Urban 85,Los Angeles,Los Angeles Metro,34.1624,-118.0257,8,Urban
STN_0086,ChargeByEV San Diego Retail 86,San Diego,San Diego Metro,32.6401,-117.1609,18,Retail
STN_0087,ChargeByEV San Francisco Retail 87,San Francisco,San Francisco Metro,37.9514,-122.3695,18,Retail
STN_0088,ChargeByEV San Francisco Retail 88,San Francisco,San Francisco Metro,37.6878,-122.3856,10,Retail
STN_0089,ChargeByEV Los Angeles Urban 89,Los Angeles,Los Angeles Metro,34.1386,-118.2634,5,Urban
STN_0090,ChargeByEV San Francisco Highway 90,San Francisco,San Francisco Metro,37.8854,-122.4577,18,Highway
STN_0091,ChargeByEV San Jose Urban 91,San Jose,San Jose Metro,37.4627,-121.9754,6,Urban
STN_0092,ChargeByEV San Diego Urban 92,San Diego,San Diego Metro,32.7958,-117.176,10,Urban
STN_0093,ChargeByEV Los Angeles Urban 93,Los Angeles,Los Angeles Metro,34.1944,-118.4315,7,Urban
STN_0094,ChargeByEV San Francisco Highway 94,San Francisco,San Francisco Metro,37.8971,-122.3329,16,Highway
STN_0095,ChargeByEV San Francisco Urban 95,San Francisco,San Francisco Metro,37.6853,-122.4145,4,Urban
STN_0096,ChargeByEV San Francisco Workplace 96,San Francisco,San Francisco Metro,37.7924,-122.4087,8,Workplace
STN_0097,ChargeByEV San Francisco Retail 97,San Francisco,San Francisco Metro,37.6998,-122.5067,4,Retail
STN_0098,ChargeByEV Los Angeles Urban 98,Los Angeles,Los Angeles Metro,34.0389,-118.1424,15,Urban
STN_0099,ChargeByEV Los Angeles Highway 99,Los Angeles,Los Angeles Metro,33.9291,-118.0811,15,Highway
STN_0100,ChargeByEV Los Angeles Highway 100,Los Angeles,Los Angeles Metro,34.0842,-118.0524,4,Highway
STN_0101,ChargeByEV Los Angeles Retail 101,Los Angeles,Los Angeles Metro,33.9854,-118.2804,6,Retail
STN_0102,ChargeByEV San Diego Workplace 102,San Diego,San Diego Metro,32.7842,-117.0123,5,Workplace
STN_0103,ChargeByEV San Francisco Retail 103,San Francisco,San Francisco Metro,37.6468,-122.391,11,Retail
STN_0104,ChargeByEV Los Angeles Retail 104,Los Angeles,Los Angeles Metro,33.8787,-118.1046,9,Retail
STN_0105,ChargeByEV San Diego Urban 105,San Diego,San Diego Metro,32.7319,-117.2084,8,Urban
STN_0106,ChargeByEV San Jose Workplace 106,San Jose,San Jose Metro,37.4816,-121.8488,8,Workplace
STN_0107,ChargeByEV San Diego Urban 107,San Diego,San Diego Metro,32.636,-117.2249,4,Urban
STN_0108,ChargeByEV San Jose Retail 108,San Jose,San Jose Metro,37.4012,-121.9925,19,Retail
STN_0109,ChargeByEV San Francisco Urban 109,San Francisco,San Francisco Metro,37.7698,-122.4526,9,Urban
STN_0110,ChargeByEV San Diego Urban 110,San Diego,San Diego Metro,32.727,-117.0447,8,Urban
STN_0111,ChargeByEV San Francisco Retail 111,San Francisco,San Francisco Metro,37.7137,-122.1561,10,Retail
STN_0112,ChargeByEV San Diego Retail 112,San Diego,San Diego Metro,32.6135,-117.0914,9,Retail
STN_0113,ChargeByEV Los Angeles Workplace 113,Los Angeles,Los Angeles Metro,34.2111,-118.1126,18,Workplace
STN_0114,ChargeByEV Los Angeles Workplace 114,Los Angeles,Los Angeles Metro,34.07,-118.4571,11,Workplace
STN_0115,ChargeByEV San Jose Urban 115,San Jose,San Jose Metro,37.5206,-121.8572,16,Urban
STN_0116,ChargeByEV San Francisco Workplace 116,San Francisco,San Francisco Metro,37.5997,-122.4156,11,Workplace
STN_0117,ChargeByEV San Francisco Retail 117,San Francisco,San Francisco Metro,37.6552,-122.4702,14,Retail
STN_0118,ChargeByEV San Francisco Highway 118,San Francisco,San Francisco Metro,37.6599,-122.3612,11,Highway
STN_0119,ChargeByEV Los Angeles Retail 119,Los Angeles,Los Angeles Metro,34.0968,-118.2385,16,Retail
STN_0120,ChargeByEV San Francisco Highway 120,San Francisco,San Francisco Metro,37.717,-122.4893,16,Highway
STN_0121,ChargeByEV San Francisco Urban 121,San Francisco,San Francisco Metro,37.5554,-122.3587,17,Urban
STN_0122,ChargeByEV Los Angeles Urban 122,Los Angeles,Los Angeles Metro,34.0398,-118.2358,12,Urban
STN_0123,ChargeByEV Los Angeles Retail 123,Los Angeles,Los Angeles Metro,33.9274,-118.2358,19,Retail
STN_0124,ChargeByEV San Francisco Urban 124,San Francisco,San Francisco Metro,37.8314,-122.3342,16,Urban
STN_0125,ChargeByEV San Jose Urban 125,San Jose,San Jose Metro,37.3265,-121.8743,15,Urban
STN_0126,ChargeByEV Los Angeles Urban 126,Los Angeles,Los Angeles Metro,34.1351,-118.3388,18,Urban
STN_0127,ChargeByEV San Diego Retail 127,San Diego,San Diego Metro,32.593,-117.3259,19,Retail
STN_0128,ChargeByEV San Francisco Urban 128,San Francisco,San Francisco Metro,37.7053,-122.5182,15,Urban
STN_0129,ChargeByEV San Francisco Urban 129,San Francisco,San Francisco Metro,37.5523,-122.4491,12,Urban
STN_0130,ChargeByEV Los Angeles Highway 130,Los Angeles,Los Angeles Metro,34.2874,-118.1385,11,Highway
STN_0131,ChargeByEV Los Angeles Urban 131,Los Angeles,Los Angeles Metro,33.8977,-118.3536,7,Urban
STN_0132,ChargeByEV Los Angeles Urban 132,Los Angeles,Los Angeles Metro,33.9101,-118.1837,9,Urban
STN_0133,ChargeByEV San Francisco Urban 133,San Francisco,San Francisco Metro,37.8889,-122.4141,17,Urban
STN_0134,ChargeByEV San Francisco Highway 134,San Francisco,San Francisco Metro,37.5197,-122.3415,7,Highway
STN_0135,ChargeByEV San Jose Retail 135,San Jose,San Jose Metro,37.4097,-121.8655,18,Retail
STN_0136,ChargeByEV San Diego Urban 136,San Diego,San Diego Metro,32.7601,-117.2578,12,Urban
STN_0137,ChargeByEV San Diego Urban 137,San Diego,San Diego Metro,32.8342,-117.1686,8,Urban
STN_0138,ChargeByEV San Francisco Urban 138,San Francisco,San Francisco Metro,37.798,-122.6841,4,Urban
STN_0139,ChargeByEV Los Angeles Retail 139,Los Angeles,Los Angeles Metro,34.0287,-118.2261,17,Retail
STN_0140,ChargeByEV San Francisco Urban 140,San Francisco,San Francisco Metro,37.7048,-122.4053,5,Urban
STN_0141,ChargeByEV Los Angeles Urban 141,Los Angeles,Los Angeles Metro,33.91,-118.217,11,Urban
STN_0142,ChargeByEV San Diego Urban 142,San Diego,San Diego Metro,32.8206,-117.0828,14,Urban
STN_0143,ChargeByEV Los Angeles Retail 143,Los Angeles,Los Angeles Metro,34.0287,-118.224,8,Retail
STN_0144,ChargeByEV San Diego Workplace 144,San Diego,San Diego Metro,32.7471,-117.2204,12,Workplace
STN_0145,ChargeByEV San Francisco Urban 145,San Francisco,San Francisco Metro,37.7884,-122.3747,15,Urban
STN_0146,ChargeByEV San Diego Highway 146,San Diego,San Diego Metro,32.6505,-117.1012,17,Highway
STN_0147,ChargeByEV San Diego Highway 147,San Diego,San Diego Metro,32.7753,-117.2891,17,Highway
STN_0148,ChargeByEV Los Angeles Retail 148,Los Angeles,Los Angeles Metro,34.1701,-118.2808,10,Retail
STN_0149,ChargeByEV San Diego Retail 149,San Diego,San Diego Metro,32.7808,-116.9392,18,Retail
